max_seqlen,mode,dtype,hdim_q,hdim_v,mask_type
512,group,bf16,256,256,2
544,group,bf16,256,256,2
576,group,bf16,256,256,2
608,group,bf16,256,256,2
640,group,bf16,256,256,2
672,group,bf16,256,256,2
704,group,bf16,256,256,2
736,group,bf16,256,256,2
768,group,bf16,256,256,2
800,group,bf16,256,256,2
832,group,bf16,256,256,2
864,group,bf16,256,256,2
896,group,bf16,256,256,2
928,group,bf16,256,256,2
960,group,bf16,256,256,2
992,group,bf16,256,256,2
1024,group,bf16,256,256,2
1056,group,bf16,256,256,2
1088,group,bf16,256,256,2
1120,group,bf16,256,256,2
1152,group,bf16,256,256,2
1184,group,bf16,256,256,2
1216,group,bf16,256,256,2
1248,group,bf16,256,256,2
1280,group,bf16,256,256,2
1312,group,bf16,256,256,2
1344,group,bf16,256,256,2
1376,group,bf16,256,256,2
1408,group,bf16,256,256,2
1440,group,bf16,256,256,2
1472,group,bf16,256,256,2
1504,group,bf16,256,256,2
1536,group,bf16,256,256,2
1568,group,bf16,256,256,2
1600,group,bf16,256,256,2
1632,group,bf16,256,256,2
1664,group,bf16,256,256,2
1696,group,bf16,256,256,2
1728,group,bf16,256,256,2
1760,group,bf16,256,256,2
1792,group,bf16,256,256,2
1824,group,bf16,256,256,2
1856,group,bf16,256,256,2
1888,group,bf16,256,256,2
1920,group,bf16,256,256,2
1952,group,bf16,256,256,2
1984,group,bf16,256,256,2
2016,group,bf16,256,256,2
2048,group,bf16,256,256,2
2112,group,bf16,256,256,2
2176,group,bf16,256,256,2
2240,group,bf16,256,256,2
2304,group,bf16,256,256,2
2368,group,bf16,256,256,2
2432,group,bf16,256,256,2
2496,group,bf16,256,256,2
2560,group,bf16,256,256,2
2624,group,bf16,256,256,2
2688,group,bf16,256,256,2
2752,group,bf16,256,256,2
2816,group,bf16,256,256,2
2880,group,bf16,256,256,2
2944,group,bf16,256,256,2
3008,group,bf16,256,256,2
3072,group,bf16,256,256,2
3136,group,bf16,256,256,2
3200,group,bf16,256,256,2
3264,group,bf16,256,256,2
3328,group,bf16,256,256,2
3392,group,bf16,256,256,2
3456,group,bf16,256,256,2
3520,group,bf16,256,256,2
3584,group,bf16,256,256,2
3648,group,bf16,256,256,2
3712,group,bf16,256,256,2
3776,group,bf16,256,256,2
3840,group,bf16,256,256,2
3904,group,bf16,256,256,2
3968,group,bf16,256,256,2
4032,group,bf16,256,256,2
4096,group,bf16,256,256,2
4160,group,bf16,256,256,2
4224,group,bf16,256,256,2
