mode,dtype,hdim_q,hdim_v,mask_type,batch,max_seqlen_q,total_q,total_k,seqlens_q,seqlens_k,count
group,bf16,72,72,0,1,4056,4056,4056,4056,4056,8
group,bf16,72,72,0,1,1900,1900,1900,1900,1900,6
group,bf16,72,72,0,3,65536,196608,196608,"65536,65536,65536","65536,65536,65536",3
group,bf16,72,72,0,18,4176,65320,65320,"4144,4104,4096,4056,2116,4056,3128,4176,4056,4144,1380,3772,3944,1700,4144,4104,4144,4056","4144,4104,4096,4056,2116,4056,3128,4176,4056,4144,1380,3772,3944,1700,4144,4104,4144,4056",3
group,bf16,72,72,0,18,4144,60400,60400,"4104,4096,1320,3952,2000,2664,4144,4144,2576,1024,4056,2760,4056,3400,4056,4056,3848,4144","4104,4096,1320,3952,2000,2664,4144,4144,2576,1024,4056,2760,4056,3400,4056,4056,3848,4144",3
group,bf16,72,72,0,17,4144,58968,58968,"1792,1408,3036,3920,4104,4096,4056,4096,4128,1584,3128,4096,4144,4104,3036,4144,4096","1792,1408,3036,3920,4104,4096,4056,4096,4128,1584,3128,4096,4144,4104,3036,4144,4096",3
group,bf16,72,72,0,18,4200,57664,57664,"2116,2116,4056,2232,4056,396,3672,3364,4104,4144,2520,4056,880,3772,3780,4144,4056,4200","2116,2116,4056,2232,4056,396,3672,3364,4104,4144,2520,4056,880,3772,3780,4144,4056,4200",3
group,bf16,72,72,0,18,4200,55704,55704,"768,3220,4056,4144,4144,4056,4144,384,1496,2160,1344,2760,2640,4200,4104,3844,4096,4144","768,3220,4056,4144,4144,4056,4144,384,1496,2160,1344,2760,2640,4200,4104,3844,4096,4144",3
group,bf16,72,72,0,17,4176,55236,55236,"728,4144,4060,3844,4080,988,4056,1320,4160,4056,1472,1800,4096,4096,4104,4056,4176","728,4144,4060,3844,4080,988,4056,1320,4160,4056,1472,1800,4096,4096,4104,4056,4176",3
group,bf16,72,72,0,16,4176,54304,54304,"4144,4096,4096,4176,836,1600,4144,2116,4144,2808,3072,4128,4056,2604,4140,4144","4144,4096,4096,4176,836,1600,4144,2116,4144,2808,3072,4128,4056,2604,4140,4144",3
group,bf16,72,72,0,16,4176,54224,54224,"4144,4056,3108,4128,4144,2400,2400,4176,3800,884,1144,4048,4144,3772,4104,3772","4144,4056,3108,4128,4144,2400,2400,4176,3800,884,1144,4048,4144,3772,4104,3772",3
group,bf16,72,72,0,14,4144,53044,53044,"3996,880,3680,3360,4144,4096,4144,4096,4128,4144,4056,4080,4096,4144","3996,880,3680,3360,4144,4096,4144,4096,4128,4144,4056,4080,4096,4144",3
group,bf16,72,72,0,18,4200,52784,52784,"4128,4056,1196,2500,4200,4096,3800,3128,4096,1040,3496,4096,1764,1444,432,2128,3040,4144","4128,4056,1196,2500,4200,4096,3800,3128,4096,1040,3496,4096,1764,1444,432,2128,3040,4144",3
group,bf16,72,72,0,18,4128,51736,51736,"2000,912,1700,3040,4032,884,2640,2128,4096,1120,4000,4096,2080,4100,2912,4128,3772,4096","2000,912,1700,3040,4032,884,2640,2128,4096,1120,4000,4096,2080,4100,2912,4128,3772,4096",3
group,bf16,72,72,0,16,4144,50276,50276,"1600,4000,2436,1120,4128,1472,4096,1900,3772,4060,4144,988,4144,4144,4128,4144","1600,4000,2436,1120,4128,1472,4096,1900,3772,4060,4144,988,4144,4144,4128,4144",3
group,bf16,72,72,0,15,4176,50120,50120,"3920,3496,4144,1444,4176,1444,1900,2944,4128,4096,4144,2304,3844,4080,4056","3920,3496,4144,1444,4176,1444,1900,2944,4128,4096,4144,2304,3844,4080,4056",3
group,bf16,72,72,0,16,4176,49756,49756,"3772,3772,2668,816,4056,3496,1080,2244,3400,2852,2320,4032,4100,3128,4176,3844","3772,3772,2668,816,4056,3496,1080,2244,3400,2852,2320,4032,4100,3128,4176,3844",3
group,bf16,72,72,0,15,4200,49660,49660,"1848,4144,264,4136,2268,4160,4096,4200,2204,4144,1848,4128,4080,4144,3996","1848,4144,264,4136,2268,4160,4096,4200,2204,4144,1848,4128,4080,4144,3996",3
group,bf16,72,72,0,16,4140,49484,49484,"3192,988,1320,4140,1176,4060,2852,4056,4128,4104,2176,3888,3128,2116,4032,4128","3192,988,1320,4140,1176,4060,2852,4056,4128,4104,2176,3888,3128,2116,4032,4128",3
group,bf16,72,72,0,15,4144,48596,48596,"3348,4096,912,4104,4056,4056,4144,4096,2816,288,4056,2500,3100,2880,4144","3348,4096,912,4104,4056,4056,4144,4096,2816,288,4056,2500,3100,2880,4144",3
group,bf16,72,72,0,15,4144,48216,48216,"3300,3072,4056,4056,4128,4056,1900,4056,3784,4144,1600,1064,2016,4104,2880","3300,3072,4056,4056,4128,4056,1900,4056,3784,4144,1600,1064,2016,4104,2880",3
group,bf16,72,72,0,15,4176,48192,48192,"4144,480,3772,3128,4128,3640,4144,2500,1472,1200,3040,4144,4176,4144,4080","4144,480,3772,3128,4128,3640,4144,2500,1472,1200,3040,4144,4176,4144,4080",3
group,bf16,72,72,0,14,4176,47832,47832,"1296,4104,4176,4144,1656,4104,4104,1156,4144,4144,2688,3844,4128,4144","1296,4104,4176,4144,1656,4104,4104,1156,4144,4144,2688,3844,4128,4144",3
group,bf16,72,72,0,16,4144,46916,46916,"3192,2204,3192,4144,900,3300,2736,2128,3888,4104,3348,1600,1196,4104,3108,3772","3192,2204,3192,4144,900,3300,2736,2128,3888,4104,3348,1600,1196,4104,3108,3772",3
group,bf16,72,72,0,13,4144,46320,46320,"4144,4000,2128,2232,4032,4056,3536,1840,4092,4104,4056,4104,3996","4144,4000,2128,2232,4032,4056,3536,1840,4092,4104,4056,4104,3996",3
group,bf16,72,72,0,16,4128,45644,45644,"4104,3772,3300,1728,3772,3036,704,1936,3360,1320,3800,4128,1840,2688,3552,2604","4104,3772,3300,1728,3772,3036,704,1936,3360,1320,3800,4128,1840,2688,3552,2604",3
group,bf16,72,72,0,14,4144,45092,45092,"4144,988,4080,2640,4144,1984,1584,4056,4080,1008,3952,4144,4144,4144","4144,988,4080,2640,4144,1984,1584,4056,4080,1008,3952,4144,4144,4144",3
group,bf16,72,72,0,14,4144,44856,44856,"4144,1216,4144,4144,4104,1824,4104,4056,1936,4104,1080,1800,4056,4144","4144,1216,4144,4144,4104,1824,4104,4056,1936,4104,1080,1800,4056,4144",3
group,bf16,72,72,0,14,4104,44080,44080,"3360,1600,4048,4056,1496,3300,4100,1848,1748,4096,4060,3536,2728,4104","3360,1600,4048,4056,1496,3300,4100,1848,1748,4096,4060,3536,2728,4104",3
group,bf16,72,72,0,13,4096,43944,43944,"4056,4056,4092,4096,3520,2024,600,4056,4096,4056,1444,3848,4000","4056,4056,4092,4096,3520,2024,600,4056,4096,4056,1444,3848,4000",3
group,bf16,72,72,0,15,4144,43772,43772,"2760,1156,2268,2116,1292,2640,2000,2992,2160,4096,4128,4104,3772,4144,4144","2760,1156,2268,2116,1292,2640,2000,2992,2160,4096,4128,4104,3772,4144,4144",3
group,bf16,72,72,0,14,4144,43252,43252,"1088,4104,4144,3220,1536,4144,4136,1824,4144,1152,1728,3800,4136,4096","1088,4104,4144,3220,1536,4144,4136,1824,4144,1152,1728,3800,4136,4096",3
group,bf16,72,72,0,14,4176,42456,42456,"4032,1444,2852,2688,2560,2304,3844,4060,4176,2052,3080,3192,4056,2116","4032,1444,2852,2688,2560,2304,3844,4060,4176,2052,3080,3192,4056,2116",3
group,bf16,72,72,0,14,4176,38356,38356,"4056,1444,1344,2688,1040,4096,1444,4096,2304,2944,2024,2856,3844,4176","4056,1444,1344,2688,1040,4096,1444,4096,2304,2944,2024,2856,3844,4176",3
group,bf16,72,72,0,15,4176,38224,38224,"336,4176,1748,600,3952,1444,1936,1444,4096,3772,2116,2880,2916,3864,2944","336,4176,1748,600,3952,1444,1936,1444,4096,3772,2116,2880,2916,3864,2944",3
group,bf16,72,72,0,12,4160,35680,35680,"3036,4144,4160,4144,1496,352,1380,4104,600,4080,4056,4128","3036,4144,4160,4144,1496,352,1380,4104,600,4080,4056,4128",3
group,bf16,72,72,0,12,4144,35560,35560,"1472,1280,4056,4144,4056,3128,1408,1444,2268,4144,4104,4056","1472,1280,4056,4144,4056,3128,1408,1444,2268,4144,4104,4056",3
group,bf16,72,72,0,13,4144,31708,31708,"600,1620,2604,1444,4140,1024,1768,3520,1196,4144,2080,3600,3968","600,1620,2604,1444,4140,1024,1768,3520,1196,4144,2080,3600,3968",3
group,bf16,72,72,0,1,4212,4212,4212,4212,4212,3
group,bf16,72,72,0,1,4176,4176,4176,4176,4176,3
group,bf16,72,72,0,1,4144,4144,4144,4144,4144,3
group,bf16,72,72,0,1,4060,4060,4060,4060,4060,3
group,bf16,72,72,0,1,3844,3844,3844,3844,3844,3
group,bf16,72,72,0,1,3192,3192,3192,3192,3192,3
group,bf16,72,72,0,1,2760,2760,2760,2760,2760,3
group,bf16,72,72,0,1,2484,2484,2484,2484,2484,3
group,bf16,72,72,0,1,1040,1040,1040,1040,1040,3
group,bf16,72,72,0,19,4176,59372,59372,"2160,4160,3000,3344,768,4176,1656,1280,2668,4056,2880,4128,560,4056,4032,4144,4104,4144,4056","2160,4160,3000,3344,768,4176,1656,1280,2668,4056,2880,4128,560,4056,4032,4144,4104,4144,4056",2
group,bf16,72,72,0,15,4136,58960,58960,"4056,4096,4032,2916,4096,3192,3772,4096,4136,4056,4096,4096,4096,4096,4128","4056,4096,4032,2916,4096,3192,3772,4096,4136,4056,4096,4096,4096,4096,4128",2
group,bf16,72,72,0,15,4144,56596,56596,"1380,4056,4144,2852,3936,4096,4128,3400,4060,4104,4128,4056,4056,4144,4056","1380,4056,4144,2852,3936,4096,4128,3400,4060,4104,4128,4056,4056,4144,4056",2
group,bf16,72,72,0,18,4176,55424,55424,"600,4176,3996,600,4056,2436,4056,1872,1496,4096,4144,4096,1216,4128,4160,3200,2992,4104","600,4176,3996,600,4056,2436,4056,1872,1496,4096,4144,4096,1216,4128,4160,3200,2992,4104",2
group,bf16,72,72,0,18,4176,53660,53660,"528,2016,3600,3772,4056,1600,1600,4176,2480,2320,3772,4144,1444,3120,4096,3108,3772,4056","528,2016,3600,3772,4056,1600,1600,4176,2480,2320,3772,4144,1444,3120,4096,3108,3772,4056",2
group,bf16,72,72,0,17,4144,52380,52380,"3772,4128,2080,4144,4096,3888,3128,2604,3344,2552,1296,2268,1600,2080,3128,4128,4144","3772,4128,2080,4144,4096,3888,3128,2604,3344,2552,1296,2268,1600,2080,3128,4128,4144",2
group,bf16,72,72,0,15,4144,51156,51156,"4056,4104,4096,4096,1900,2116,4032,2116,2500,1900,4104,4096,4144,3800,4096","4056,4104,4096,4096,1900,2116,4032,2116,2500,1900,4104,4096,4144,3800,4096",2
group,bf16,72,72,0,14,4160,50476,50476,"4128,3888,4104,4128,4144,4096,2552,1360,4128,4056,4000,4160,1700,4032","4128,3888,4104,4128,4144,4096,2552,1360,4128,4056,4000,4160,1700,4032",2
group,bf16,72,72,0,17,4144,50000,50000,"576,1936,2016,3772,4096,4056,3960,1408,1584,4056,4144,2052,2688,2728,4096,2688,4144","576,1936,2016,3772,4096,4056,3960,1408,1584,4056,4144,2052,2688,2728,4096,2688,4144",2
group,bf16,72,72,0,15,4176,49716,49716,"3192,2584,4144,4176,1792,1600,4056,4144,4144,4144,2668,4096,1008,4080,3888","3192,2584,4144,4176,1792,1600,4056,4144,4144,4144,2668,4096,1008,4080,3888",2
group,bf16,72,72,0,16,4176,49412,49412,"2604,2160,1024,3220,3128,3600,4176,4096,1600,4144,2304,4096,1932,4096,4096,3136","2604,2160,1024,3220,3128,3600,4176,4096,1600,4144,2304,4096,1932,4096,4096,3136",2
group,bf16,72,72,0,18,4144,49096,49096,"900,4056,2116,1560,912,4096,1120,2640,4060,2640,4056,484,1600,3344,3192,4032,4144,4144","900,4056,2116,1560,912,4096,1120,2640,4060,2640,4056,484,1600,3344,3192,4032,4144,4144",2
group,bf16,72,72,0,17,4144,47832,47832,"480,4128,1444,1064,1444,2760,4144,3844,1444,4032,4092,2668,2500,1620,4056,4056,4056","480,4128,1444,1064,1444,2760,4144,3844,1444,4032,4092,2668,2500,1620,4056,4056,4056",2
group,bf16,72,72,0,16,4160,46996,46996,"1320,2304,600,4136,2116,4096,1680,4160,3772,4144,1024,3996,2116,3520,4056,3956","1320,2304,600,4136,2116,4096,1680,4160,3772,4144,1024,3996,2116,3520,4056,3956",2
group,bf16,72,72,0,15,4176,45860,45860,"3264,4096,1736,2116,704,1900,4144,988,3772,3772,2916,4100,4176,4032,4144","3264,4096,1736,2116,704,1900,4144,988,3772,3772,2916,4100,4176,4032,4144",2
group,bf16,72,72,0,18,4056,42008,42008,"2852,1056,1008,2304,2500,1408,2116,1248,3036,3960,704,520,1472,3256,4056,2400,4056,4056","2852,1056,1008,2304,2500,1408,2116,1248,3036,3960,704,520,1472,3256,4056,2400,4056,4056",2
group,bf16,72,72,0,14,4096,34900,34900,"2688,4092,1600,1600,4096,1380,4096,1536,1536,1104,1620,4056,2304,3192","2688,4092,1600,1600,4096,1380,4096,1536,1536,1104,1620,4056,2304,3192",2
group,bf16,72,72,0,1,2992,2992,2992,2992,2992,2
group,bf16,72,72,0,1,2688,2688,2688,2688,2688,2
group,bf16,72,72,0,1,1472,1472,1472,1472,1472,2
