max_seqlen,mode,dtype,hdim_q,hdim_v,mask_type,best_hdim_q,best_hdim_v,best_time_ms,best_tflops,best_gbps,best_kname,best_tile_name,best_tile_expr,status
512,group,bf16,72,72,0,80,96,0.0340,44.0500,172.0800,fmha_fwd_d80_bf16_group_b128x64x16x96x32x80_r4x1x1_r4x1x1_w32x32x16_w32x32x16_o2_qr_async_vr_psskddv_nlogits_nbias_nmask_nlse_ndropout_nskip_nqscale_ntrload_nsink,b128x64x16x96x32x80_r4x1x1_r4x1x1_w32x32x16_w32x32x16_o2,"(80, 96) : [FmhaFwdTileSize(128,  64,  16,  96,  32,  80,  4, 1, 1,  4, 1, 1,  32, 32, 16,  32, 32, 16,   2)]",ok
544,group,bf16,72,72,0,80,96,0.0370,45.4300,167.0400,fmha_fwd_d80_bf16_group_b128x64x64x96x32x128_r4x1x1_r4x1x1_w32x32x16_w32x32x16_o2_qr_async_vr_psskddv_nlogits_nbias_nmask_nlse_ndropout_nskip_nqscale_ntrload_nsink,b128x64x64x96x32x128_r4x1x1_r4x1x1_w32x32x16_w32x32x16_o2,"(80, 96) : [FmhaFwdTileSize(128,  64,  64,  96,  32, 128,  4, 1, 1,  4, 1, 1,  32, 32, 16,  32, 32, 16,   2)]",ok
576,group,bf16,72,72,0,80,96,0.0360,51.4100,178.5100,fmha_fwd_d80_bf16_group_b128x64x64x96x32x128_r4x1x1_r4x1x1_w32x32x16_w32x32x16_o2_qr_async_vr_psskddv_nlogits_nbias_nmask_nlse_ndropout_nskip_nqscale_ntrload_nsink,b128x64x64x96x32x128_r4x1x1_r4x1x1_w32x32x16_w32x32x16_o2,"(80, 96) : [FmhaFwdTileSize(128,  64,  64,  96,  32, 128,  4, 1, 1,  4, 1, 1,  32, 32, 16,  32, 32, 16,   2)]",ok
608,group,bf16,72,72,0,80,96,0.0400,51.9100,170.7600,fmha_fwd_d80_bf16_group_b128x64x64x96x32x128_r4x1x1_r4x1x1_w32x32x16_w32x32x16_o2_qr_async_vr_psskddv_nlogits_nbias_nmask_nlse_ndropout_nskip_nqscale_ntrload_nsink,b128x64x64x96x32x128_r4x1x1_r4x1x1_w32x32x16_w32x32x16_o2,"(80, 96) : [FmhaFwdTileSize(128,  64,  64,  96,  32, 128,  4, 1, 1,  4, 1, 1,  32, 32, 16,  32, 32, 16,   2)]",ok
640,group,bf16,72,72,0,80,96,0.0400,58.0700,181.4600,fmha_fwd_d80_bf16_group_b128x64x64x96x32x128_r4x1x1_r4x1x1_w32x32x16_w32x32x16_o2_qr_async_vr_psskddv_nlogits_nbias_nmask_nlse_ndropout_nskip_nqscale_ntrload_nsink,b128x64x64x96x32x128_r4x1x1_r4x1x1_w32x32x16_w32x32x16_o2,"(80, 96) : [FmhaFwdTileSize(128,  64,  64,  96,  32, 128,  4, 1, 1,  4, 1, 1,  32, 32, 16,  32, 32, 16,   2)]",ok
672,group,bf16,72,72,0,80,96,0.0600,42.7200,127.1300,fmha_fwd_d80_bf16_group_b128x64x16x96x32x80_r4x1x1_r4x1x1_w32x32x16_w32x32x16_o3_qr_async_vr_psskddv_nlogits_nbias_nmask_nlse_ndropout_nskip_nqscale_ntrload_nsink,b128x64x16x96x32x80_r4x1x1_r4x1x1_w32x32x16_w32x32x16_o3,"(80, 96) : [FmhaFwdTileSize(128,  64,  16,  96,  32,  80,  4, 1, 1,  4, 1, 1,  32, 32, 16,  32, 32, 16,   3)]",ok
704,group,bf16,72,72,0,80,96,0.0590,47.1000,133.8000,fmha_fwd_d80_bf16_group_b128x64x16x96x32x80_r4x1x1_r4x1x1_w32x32x16_w32x32x16_o2_qr_async_vr_psskddv_nlogits_nbias_nmask_nlse_ndropout_nskip_nqscale_ntrload_nsink,b128x64x16x96x32x80_r4x1x1_r4x1x1_w32x32x16_w32x32x16_o2,"(80, 96) : [FmhaFwdTileSize(128,  64,  16,  96,  32,  80,  4, 1, 1,  4, 1, 1,  32, 32, 16,  32, 32, 16,   2)]",ok
736,group,bf16,72,72,0,80,96,0.0630,48.7700,132.5300,fmha_fwd_d80_bf16_group_b128x128x16x96x32x80_r4x1x1_r4x1x1_w32x32x16_w32x32x16_o2_qr_async_vr_psskddv_nlogits_nbias_nmask_nlse_ndropout_nskip_nqscale_ntrload_nsink,b128x128x16x96x32x80_r4x1x1_r4x1x1_w32x32x16_w32x32x16_o2,"(80, 96) : [FmhaFwdTileSize(128, 128,  16,  96,  32,  80,  4, 1, 1,  4, 1, 1,  32, 32, 16,  32, 32, 16,   2)]",ok
768,group,bf16,72,72,0,80,96,0.0620,53.2100,138.5600,fmha_fwd_d80_bf16_group_b128x128x16x96x32x80_r4x1x1_r4x1x1_w32x32x16_w32x32x16_o2_qr_async_vr_psskddv_nlogits_nbias_nmask_nlse_ndropout_nskip_nqscale_ntrload_nsink,b128x128x16x96x32x80_r4x1x1_r4x1x1_w32x32x16_w32x32x16_o2,"(80, 96) : [FmhaFwdTileSize(128, 128,  16,  96,  32,  80,  4, 1, 1,  4, 1, 1,  32, 32, 16,  32, 32, 16,   2)]",ok
800,group,bf16,72,72,0,80,96,0.0700,51.6200,129.0400,fmha_fwd_d80_bf16_group_b128x64x16x96x32x80_r4x1x1_r4x1x1_w32x32x16_w32x32x16_o2_qr_async_vr_psskddv_nlogits_nbias_nmask_nlse_ndropout_nskip_nqscale_ntrload_nsink,b128x64x16x96x32x80_r4x1x1_r4x1x1_w32x32x16_w32x32x16_o2,"(80, 96) : [FmhaFwdTileSize(128,  64,  16,  96,  32,  80,  4, 1, 1,  4, 1, 1,  32, 32, 16,  32, 32, 16,   2)]",ok
832,group,bf16,72,72,0,80,96,0.0700,55.9800,134.5700,fmha_fwd_d80_bf16_group_b128x64x16x96x32x80_r4x1x1_r4x1x1_w32x32x16_w32x32x16_o3_qr_async_vr_psskddv_nlogits_nbias_nmask_nlse_ndropout_nskip_nqscale_ntrload_nsink,b128x64x16x96x32x80_r4x1x1_r4x1x1_w32x32x16_w32x32x16_o3,"(80, 96) : [FmhaFwdTileSize(128,  64,  16,  96,  32,  80,  4, 1, 1,  4, 1, 1,  32, 32, 16,  32, 32, 16,   3)]",ok
864,group,bf16,72,72,0,80,96,0.0730,57.5100,133.1200,fmha_fwd_d80_bf16_group_b128x128x16x96x32x80_r4x1x1_r4x1x1_w32x32x16_w32x32x16_o2_qr_async_vr_psskddv_nlogits_nbias_nmask_nlse_ndropout_nskip_nqscale_ntrload_nsink,b128x128x16x96x32x80_r4x1x1_r4x1x1_w32x32x16_w32x32x16_o2,"(80, 96) : [FmhaFwdTileSize(128, 128,  16,  96,  32,  80,  4, 1, 1,  4, 1, 1,  32, 32, 16,  32, 32, 16,   2)]",ok
896,group,bf16,72,72,0,80,96,0.0720,63.1400,140.9500,fmha_fwd_d80_bf16_group_b128x128x16x96x32x80_r4x1x1_r4x1x1_w32x32x16_w32x32x16_o2_qr_async_vr_psskddv_nlogits_nbias_nmask_nlse_ndropout_nskip_nqscale_ntrload_nsink,b128x128x16x96x32x80_r4x1x1_r4x1x1_w32x32x16_w32x32x16_o2,"(80, 96) : [FmhaFwdTileSize(128, 128,  16,  96,  32,  80,  4, 1, 1,  4, 1, 1,  32, 32, 16,  32, 32, 16,   2)]",ok
928,group,bf16,72,72,0,80,96,0.0800,60.8000,131.0300,fmha_fwd_d80_bf16_group_b128x64x16x96x32x80_r4x1x1_r4x1x1_w32x32x16_w32x32x16_o3_qr_async_vr_psskddv_nlogits_nbias_nmask_nlse_ndropout_nskip_nqscale_ntrload_nsink,b128x64x16x96x32x80_r4x1x1_r4x1x1_w32x32x16_w32x32x16_o3,"(80, 96) : [FmhaFwdTileSize(128,  64,  16,  96,  32,  80,  4, 1, 1,  4, 1, 1,  32, 32, 16,  32, 32, 16,   3)]",ok
960,group,bf16,72,72,0,80,96,0.0800,64.5100,134.3900,fmha_fwd_d80_bf16_group_b128x64x16x96x32x80_r4x1x1_r4x1x1_w32x32x16_w32x32x16_o2_qr_async_vr_psskddv_nlogits_nbias_nmask_nlse_ndropout_nskip_nqscale_ntrload_nsink,b128x64x16x96x32x80_r4x1x1_r4x1x1_w32x32x16_w32x32x16_o2,"(80, 96) : [FmhaFwdTileSize(128,  64,  16,  96,  32,  80,  4, 1, 1,  4, 1, 1,  32, 32, 16,  32, 32, 16,   2)]",ok
992,group,bf16,72,72,0,80,96,0.0820,67.7900,136.6800,fmha_fwd_d80_bf16_group_b128x128x16x96x32x80_r4x1x1_r4x1x1_w32x32x16_w32x32x16_o2_qr_async_vr_psskddv_nlogits_nbias_nmask_nlse_ndropout_nskip_nqscale_ntrload_nsink,b128x128x16x96x32x80_r4x1x1_r4x1x1_w32x32x16_w32x32x16_o2,"(80, 96) : [FmhaFwdTileSize(128, 128,  16,  96,  32,  80,  4, 1, 1,  4, 1, 1,  32, 32, 16,  32, 32, 16,   2)]",ok
1024,group,bf16,72,72,0,80,96,0.0800,73.5100,143.5800,fmha_fwd_d80_bf16_group_b128x128x16x96x32x80_r4x1x1_r4x1x1_w32x32x16_w32x32x16_o2_qr_async_vr_psskddv_nlogits_nbias_nmask_nlse_ndropout_nskip_nqscale_ntrload_nsink,b128x128x16x96x32x80_r4x1x1_r4x1x1_w32x32x16_w32x32x16_o2,"(80, 96) : [FmhaFwdTileSize(128, 128,  16,  96,  32,  80,  4, 1, 1,  4, 1, 1,  32, 32, 16,  32, 32, 16,   2)]",ok
1056,group,bf16,72,72,0,80,96,0.0900,69.5900,131.8000,fmha_fwd_d80_bf16_group_b128x64x16x96x32x80_r4x1x1_r4x1x1_w32x32x16_w32x32x16_o3_qr_async_vr_psskddv_nlogits_nbias_nmask_nlse_ndropout_nskip_nqscale_ntrload_nsink,b128x64x16x96x32x80_r4x1x1_r4x1x1_w32x32x16_w32x32x16_o3,"(80, 96) : [FmhaFwdTileSize(128,  64,  16,  96,  32,  80,  4, 1, 1,  4, 1, 1,  32, 32, 16,  32, 32, 16,   3)]",ok
1088,group,bf16,72,72,0,80,96,0.0900,74.0900,136.1900,fmha_fwd_d80_bf16_group_b128x64x16x96x32x80_r4x1x1_r4x1x1_w32x32x16_w32x32x16_o2_qr_async_vr_psskddv_nlogits_nbias_nmask_nlse_ndropout_nskip_nqscale_ntrload_nsink,b128x64x16x96x32x80_r4x1x1_r4x1x1_w32x32x16_w32x32x16_o2,"(80, 96) : [FmhaFwdTileSize(128,  64,  16,  96,  32,  80,  4, 1, 1,  4, 1, 1,  32, 32, 16,  32, 32, 16,   2)]",ok
1120,group,bf16,72,72,0,80,96,0.0910,77.7300,138.8100,fmha_fwd_d80_bf16_group_b128x128x16x96x32x80_r4x1x1_r4x1x1_w32x32x16_w32x32x16_o2_qr_async_vr_psskddv_nlogits_nbias_nmask_nlse_ndropout_nskip_nqscale_ntrload_nsink,b128x128x16x96x32x80_r4x1x1_r4x1x1_w32x32x16_w32x32x16_o2,"(80, 96) : [FmhaFwdTileSize(128, 128,  16,  96,  32,  80,  4, 1, 1,  4, 1, 1,  32, 32, 16,  32, 32, 16,   2)]",ok
1152,group,bf16,72,72,0,80,96,0.0910,82.3300,142.9300,fmha_fwd_d80_bf16_group_b128x128x16x96x32x80_r4x1x1_r4x1x1_w32x32x16_w32x32x16_o2_qr_async_vr_psskddv_nlogits_nbias_nmask_nlse_ndropout_nskip_nqscale_ntrload_nsink,b128x128x16x96x32x80_r4x1x1_r4x1x1_w32x32x16_w32x32x16_o2,"(80, 96) : [FmhaFwdTileSize(128, 128,  16,  96,  32,  80,  4, 1, 1,  4, 1, 1,  32, 32, 16,  32, 32, 16,   2)]",ok
1184,group,bf16,72,72,0,80,96,0.1000,78.9200,133.3200,fmha_fwd_d80_bf16_group_b128x64x16x96x32x80_r4x1x1_r4x1x1_w32x32x16_w32x32x16_o3_qr_async_vr_psskddv_nlogits_nbias_nmask_nlse_ndropout_nskip_nqscale_ntrload_nsink,b128x64x16x96x32x80_r4x1x1_r4x1x1_w32x32x16_w32x32x16_o3,"(80, 96) : [FmhaFwdTileSize(128,  64,  16,  96,  32,  80,  4, 1, 1,  4, 1, 1,  32, 32, 16,  32, 32, 16,   3)]",ok
1216,group,bf16,72,72,0,80,96,0.1000,82.8700,136.3100,fmha_fwd_d80_bf16_group_b128x64x16x96x32x80_r4x1x1_r4x1x1_w32x32x16_w32x32x16_o2_qr_async_vr_psskddv_nlogits_nbias_nmask_nlse_ndropout_nskip_nqscale_ntrload_nsink,b128x64x16x96x32x80_r4x1x1_r4x1x1_w32x32x16_w32x32x16_o2,"(80, 96) : [FmhaFwdTileSize(128,  64,  16,  96,  32,  80,  4, 1, 1,  4, 1, 1,  32, 32, 16,  32, 32, 16,   2)]",ok
1248,group,bf16,72,72,0,80,96,0.1020,85.9900,137.8100,fmha_fwd_d80_bf16_group_b128x128x16x96x32x80_r4x1x1_r4x1x1_w32x32x16_w32x32x16_o2_qr_async_vr_psskddv_nlogits_nbias_nmask_nlse_ndropout_nskip_nqscale_ntrload_nsink,b128x128x16x96x32x80_r4x1x1_r4x1x1_w32x32x16_w32x32x16_o2,"(80, 96) : [FmhaFwdTileSize(128, 128,  16,  96,  32,  80,  4, 1, 1,  4, 1, 1,  32, 32, 16,  32, 32, 16,   2)]",ok
1280,group,bf16,72,72,0,80,96,0.1000,92.0600,143.8400,fmha_fwd_d80_bf16_group_b128x128x16x96x32x80_r4x1x1_r4x1x1_w32x32x16_w32x32x16_o2_qr_async_vr_psskddv_nlogits_nbias_nmask_nlse_ndropout_nskip_nqscale_ntrload_nsink,b128x128x16x96x32x80_r4x1x1_r4x1x1_w32x32x16_w32x32x16_o2,"(80, 96) : [FmhaFwdTileSize(128, 128,  16,  96,  32,  80,  4, 1, 1,  4, 1, 1,  32, 32, 16,  32, 32, 16,   2)]",ok
1312,group,bf16,72,72,0,80,96,0.1440,67.1500,102.3700,fmha_fwd_d80_bf16_group_b128x64x16x96x32x80_r4x1x1_r4x1x1_w32x32x16_w32x32x16_o2_qr_async_vr_psskddv_nlogits_nbias_nmask_nlse_ndropout_nskip_nqscale_ntrload_nsink,b128x64x16x96x32x80_r4x1x1_r4x1x1_w32x32x16_w32x32x16_o2,"(80, 96) : [FmhaFwdTileSize(128,  64,  16,  96,  32,  80,  4, 1, 1,  4, 1, 1,  32, 32, 16,  32, 32, 16,   2)]",ok
1344,group,bf16,72,72,0,80,96,0.1450,70.3500,104.6900,fmha_fwd_d80_bf16_group_b128x64x16x96x32x80_r4x1x1_r4x1x1_w32x32x16_w32x32x16_o2_qr_async_vr_psskddv_nlogits_nbias_nmask_nlse_ndropout_nskip_nqscale_ntrload_nsink,b128x64x16x96x32x80_r4x1x1_r4x1x1_w32x32x16_w32x32x16_o2,"(80, 96) : [FmhaFwdTileSize(128,  64,  16,  96,  32,  80,  4, 1, 1,  4, 1, 1,  32, 32, 16,  32, 32, 16,   2)]",ok
1376,group,bf16,72,72,0,80,96,0.1510,70.5300,102.5200,fmha_fwd_d80_bf16_group_b128x64x16x96x32x80_r4x1x1_r4x1x1_w32x32x16_w32x32x16_o3_qr_async_vr_psskddv_nlogits_nbias_nmask_nlse_ndropout_nskip_nqscale_ntrload_nsink,b128x64x16x96x32x80_r4x1x1_r4x1x1_w32x32x16_w32x32x16_o3,"(80, 96) : [FmhaFwdTileSize(128,  64,  16,  96,  32,  80,  4, 1, 1,  4, 1, 1,  32, 32, 16,  32, 32, 16,   3)]",ok
1408,group,bf16,72,72,0,80,96,0.1520,73.6800,104.6600,fmha_fwd_d80_bf16_group_b128x64x16x96x32x80_r4x1x1_r4x1x1_w32x32x16_w32x32x16_o2_qr_async_vr_psskddv_nlogits_nbias_nmask_nlse_ndropout_nskip_nqscale_ntrload_nsink,b128x64x16x96x32x80_r4x1x1_r4x1x1_w32x32x16_w32x32x16_o2,"(80, 96) : [FmhaFwdTileSize(128,  64,  16,  96,  32,  80,  4, 1, 1,  4, 1, 1,  32, 32, 16,  32, 32, 16,   2)]",ok
1440,group,bf16,72,72,0,80,96,0.1580,73.7500,102.4300,fmha_fwd_d80_bf16_group_b128x64x16x96x32x80_r4x1x1_r4x1x1_w32x32x16_w32x32x16_o3_qr_async_vr_psskddv_nlogits_nbias_nmask_nlse_ndropout_nskip_nqscale_ntrload_nsink,b128x64x16x96x32x80_r4x1x1_r4x1x1_w32x32x16_w32x32x16_o3,"(80, 96) : [FmhaFwdTileSize(128,  64,  16,  96,  32,  80,  4, 1, 1,  4, 1, 1,  32, 32, 16,  32, 32, 16,   3)]",ok
1472,group,bf16,72,72,0,80,96,0.1580,77.0600,104.7000,fmha_fwd_d80_bf16_group_b128x64x16x96x32x80_r4x1x1_r4x1x1_w32x32x16_w32x32x16_o3_qr_async_vr_psskddv_nlogits_nbias_nmask_nlse_ndropout_nskip_nqscale_ntrload_nsink,b128x64x16x96x32x80_r4x1x1_r4x1x1_w32x32x16_w32x32x16_o3,"(80, 96) : [FmhaFwdTileSize(128,  64,  16,  96,  32,  80,  4, 1, 1,  4, 1, 1,  32, 32, 16,  32, 32, 16,   3)]",ok
1504,group,bf16,72,72,0,80,96,0.1650,77.0900,102.5100,fmha_fwd_d80_bf16_group_b128x64x16x96x32x80_r4x1x1_r4x1x1_w32x32x16_w32x32x16_o2_qr_async_vr_psskddv_nlogits_nbias_nmask_nlse_ndropout_nskip_nqscale_ntrload_nsink,b128x64x16x96x32x80_r4x1x1_r4x1x1_w32x32x16_w32x32x16_o2,"(80, 96) : [FmhaFwdTileSize(128,  64,  16,  96,  32,  80,  4, 1, 1,  4, 1, 1,  32, 32, 16,  32, 32, 16,   2)]",ok
1536,group,bf16,72,72,0,80,96,0.1650,80.3300,104.5900,fmha_fwd_d80_bf16_group_b128x64x16x96x32x80_r4x1x1_r4x1x1_w32x32x16_w32x32x16_o2_qr_async_vr_psskddv_nlogits_nbias_nmask_nlse_ndropout_nskip_nqscale_ntrload_nsink,b128x64x16x96x32x80_r4x1x1_r4x1x1_w32x32x16_w32x32x16_o2,"(80, 96) : [FmhaFwdTileSize(128,  64,  16,  96,  32,  80,  4, 1, 1,  4, 1, 1,  32, 32, 16,  32, 32, 16,   2)]",ok
1568,group,bf16,72,72,0,80,96,0.1720,80.3600,102.4900,fmha_fwd_d80_bf16_group_b128x64x16x96x32x80_r4x1x1_r4x1x1_w32x32x16_w32x32x16_o2_qr_async_vr_psskddv_nlogits_nbias_nmask_nlse_ndropout_nskip_nqscale_ntrload_nsink,b128x64x16x96x32x80_r4x1x1_r4x1x1_w32x32x16_w32x32x16_o2,"(80, 96) : [FmhaFwdTileSize(128,  64,  16,  96,  32,  80,  4, 1, 1,  4, 1, 1,  32, 32, 16,  32, 32, 16,   2)]",ok
1600,group,bf16,72,72,0,80,96,0.1720,83.8600,104.8300,fmha_fwd_d80_bf16_group_b128x64x16x96x32x80_r4x1x1_r4x1x1_w32x32x16_w32x32x16_o3_qr_async_vr_psskddv_nlogits_nbias_nmask_nlse_ndropout_nskip_nqscale_ntrload_nsink,b128x64x16x96x32x80_r4x1x1_r4x1x1_w32x32x16_w32x32x16_o3,"(80, 96) : [FmhaFwdTileSize(128,  64,  16,  96,  32,  80,  4, 1, 1,  4, 1, 1,  32, 32, 16,  32, 32, 16,   3)]",ok
1632,group,bf16,72,72,0,80,96,0.1790,83.8000,102.6900,fmha_fwd_d80_bf16_group_b128x64x16x96x32x80_r4x1x1_r4x1x1_w32x32x16_w32x32x16_o2_qr_async_vr_psskddv_nlogits_nbias_nmask_nlse_ndropout_nskip_nqscale_ntrload_nsink,b128x64x16x96x32x80_r4x1x1_r4x1x1_w32x32x16_w32x32x16_o2,"(80, 96) : [FmhaFwdTileSize(128,  64,  16,  96,  32,  80,  4, 1, 1,  4, 1, 1,  32, 32, 16,  32, 32, 16,   2)]",ok
1664,group,bf16,72,72,0,80,96,0.1790,87.1700,104.7800,fmha_fwd_d80_bf16_group_b128x64x16x96x32x80_r4x1x1_r4x1x1_w32x32x16_w32x32x16_o2_qr_async_vr_psskddv_nlogits_nbias_nmask_nlse_ndropout_nskip_nqscale_ntrload_nsink,b128x64x16x96x32x80_r4x1x1_r4x1x1_w32x32x16_w32x32x16_o2,"(80, 96) : [FmhaFwdTileSize(128,  64,  16,  96,  32,  80,  4, 1, 1,  4, 1, 1,  32, 32, 16,  32, 32, 16,   2)]",ok
1696,group,bf16,72,72,0,80,96,0.1860,86.9900,102.5900,fmha_fwd_d80_bf16_group_b128x64x16x96x32x80_r4x1x1_r4x1x1_w32x32x16_w32x32x16_o3_qr_async_vr_psskddv_nlogits_nbias_nmask_nlse_ndropout_nskip_nqscale_ntrload_nsink,b128x64x16x96x32x80_r4x1x1_r4x1x1_w32x32x16_w32x32x16_o3,"(80, 96) : [FmhaFwdTileSize(128,  64,  16,  96,  32,  80,  4, 1, 1,  4, 1, 1,  32, 32, 16,  32, 32, 16,   3)]",ok
1728,group,bf16,72,72,0,80,96,0.1860,90.3700,104.5900,fmha_fwd_d80_bf16_group_b128x64x16x96x32x80_r4x1x1_r4x1x1_w32x32x16_w32x32x16_o3_qr_async_vr_psskddv_nlogits_nbias_nmask_nlse_ndropout_nskip_nqscale_ntrload_nsink,b128x64x16x96x32x80_r4x1x1_r4x1x1_w32x32x16_w32x32x16_o3,"(80, 96) : [FmhaFwdTileSize(128,  64,  16,  96,  32,  80,  4, 1, 1,  4, 1, 1,  32, 32, 16,  32, 32, 16,   3)]",ok
1760,group,bf16,72,72,0,80,96,0.1930,90.5100,102.8600,fmha_fwd_d80_bf16_group_b128x64x16x96x32x80_r4x1x1_r4x1x1_w32x32x16_w32x32x16_o2_qr_async_vr_psskddv_nlogits_nbias_nmask_nlse_ndropout_nskip_nqscale_ntrload_nsink,b128x64x16x96x32x80_r4x1x1_r4x1x1_w32x32x16_w32x32x16_o2,"(80, 96) : [FmhaFwdTileSize(128,  64,  16,  96,  32,  80,  4, 1, 1,  4, 1, 1,  32, 32, 16,  32, 32, 16,   2)]",ok
1792,group,bf16,72,72,0,80,96,0.1930,93.9100,104.8100,fmha_fwd_d80_bf16_group_b128x64x16x96x32x80_r4x1x1_r4x1x1_w32x32x16_w32x32x16_o2_qr_async_vr_psskddv_nlogits_nbias_nmask_nlse_ndropout_nskip_nqscale_ntrload_nsink,b128x64x16x96x32x80_r4x1x1_r4x1x1_w32x32x16_w32x32x16_o2,"(80, 96) : [FmhaFwdTileSize(128,  64,  16,  96,  32,  80,  4, 1, 1,  4, 1, 1,  32, 32, 16,  32, 32, 16,   2)]",ok
1824,group,bf16,72,72,0,80,96,0.2000,93.7700,102.8100,fmha_fwd_d80_bf16_group_b128x64x16x96x32x80_r4x1x1_r4x1x1_w32x32x16_w32x32x16_o3_qr_async_vr_psskddv_nlogits_nbias_nmask_nlse_ndropout_nskip_nqscale_ntrload_nsink,b128x64x16x96x32x80_r4x1x1_r4x1x1_w32x32x16_w32x32x16_o3,"(80, 96) : [FmhaFwdTileSize(128,  64,  16,  96,  32,  80,  4, 1, 1,  4, 1, 1,  32, 32, 16,  32, 32, 16,   3)]",ok
1856,group,bf16,72,72,0,80,96,0.1990,97.2900,104.8400,fmha_fwd_d80_bf16_group_b128x64x16x96x32x80_r4x1x1_r4x1x1_w32x32x16_w32x32x16_o2_qr_async_vr_psskddv_nlogits_nbias_nmask_nlse_ndropout_nskip_nqscale_ntrload_nsink,b128x64x16x96x32x80_r4x1x1_r4x1x1_w32x32x16_w32x32x16_o2,"(80, 96) : [FmhaFwdTileSize(128,  64,  16,  96,  32,  80,  4, 1, 1,  4, 1, 1,  32, 32, 16,  32, 32, 16,   2)]",ok
1888,group,bf16,72,72,0,80,96,0.2060,97.3100,103.0800,fmha_fwd_d80_bf16_group_b128x64x16x96x32x80_r4x1x1_r4x1x1_w32x32x16_w32x32x16_o2_qr_async_vr_psskddv_nlogits_nbias_nmask_nlse_ndropout_nskip_nqscale_ntrload_nsink,b128x64x16x96x32x80_r4x1x1_r4x1x1_w32x32x16_w32x32x16_o2,"(80, 96) : [FmhaFwdTileSize(128,  64,  16,  96,  32,  80,  4, 1, 1,  4, 1, 1,  32, 32, 16,  32, 32, 16,   2)]",ok
1920,group,bf16,72,72,0,80,96,0.2060,100.7100,104.9000,fmha_fwd_d80_bf16_group_b128x64x16x96x32x80_r4x1x1_r4x1x1_w32x32x16_w32x32x16_o3_qr_async_vr_psskddv_nlogits_nbias_nmask_nlse_ndropout_nskip_nqscale_ntrload_nsink,b128x64x16x96x32x80_r4x1x1_r4x1x1_w32x32x16_w32x32x16_o3,"(80, 96) : [FmhaFwdTileSize(128,  64,  16,  96,  32,  80,  4, 1, 1,  4, 1, 1,  32, 32, 16,  32, 32, 16,   3)]",ok
1952,group,bf16,72,72,0,80,96,0.2910,73.8400,75.6600,fmha_fwd_d80_bf16_group_b128x64x16x96x32x80_r4x1x1_r4x1x1_w32x32x16_w32x32x16_o2_qr_async_vr_psskddv_nlogits_nbias_nmask_nlse_ndropout_nskip_nqscale_ntrload_nsink,b128x64x16x96x32x80_r4x1x1_r4x1x1_w32x32x16_w32x32x16_o2,"(80, 96) : [FmhaFwdTileSize(128,  64,  16,  96,  32,  80,  4, 1, 1,  4, 1, 1,  32, 32, 16,  32, 32, 16,   2)]",ok
1984,group,bf16,72,72,0,80,96,0.2910,76.2900,76.9100,fmha_fwd_d80_bf16_group_b128x64x16x96x32x80_r4x1x1_r4x1x1_w32x32x16_w32x32x16_o3_qr_async_vr_psskddv_nlogits_nbias_nmask_nlse_ndropout_nskip_nqscale_ntrload_nsink,b128x64x16x96x32x80_r4x1x1_r4x1x1_w32x32x16_w32x32x16_o3,"(80, 96) : [FmhaFwdTileSize(128,  64,  16,  96,  32,  80,  4, 1, 1,  4, 1, 1,  32, 32, 16,  32, 32, 16,   3)]",ok
2016,group,bf16,72,72,0,80,96,0.2990,76.5300,75.9200,fmha_fwd_d80_bf16_group_b128x128x16x96x32x80_r4x1x1_r4x1x1_w32x32x16_w32x32x16_o2_qr_async_vr_psskddv_nlogits_nbias_nmask_nlse_ndropout_nskip_nqscale_ntrload_nsink,b128x128x16x96x32x80_r4x1x1_r4x1x1_w32x32x16_w32x32x16_o2,"(80, 96) : [FmhaFwdTileSize(128, 128,  16,  96,  32,  80,  4, 1, 1,  4, 1, 1,  32, 32, 16,  32, 32, 16,   2)]",ok
2048,group,bf16,72,72,0,80,96,0.2960,79.6900,77.8200,fmha_fwd_d80_bf16_group_b128x128x16x96x32x80_r4x1x1_r4x1x1_w32x32x16_w32x32x16_o2_qr_async_vr_psskddv_nlogits_nbias_nmask_nlse_ndropout_nskip_nqscale_ntrload_nsink,b128x128x16x96x32x80_r4x1x1_r4x1x1_w32x32x16_w32x32x16_o2,"(80, 96) : [FmhaFwdTileSize(128, 128,  16,  96,  32,  80,  4, 1, 1,  4, 1, 1,  32, 32, 16,  32, 32, 16,   2)]",ok
2112,group,bf16,72,72,0,80,96,0.3100,81.1400,76.8400,fmha_fwd_d80_bf16_group_b128x64x16x96x32x80_r4x1x1_r4x1x1_w32x32x16_w32x32x16_o3_qr_async_vr_psskddv_nlogits_nbias_nmask_nlse_ndropout_nskip_nqscale_ntrload_nsink,b128x64x16x96x32x80_r4x1x1_r4x1x1_w32x32x16_w32x32x16_o3,"(80, 96) : [FmhaFwdTileSize(128,  64,  16,  96,  32,  80,  4, 1, 1,  4, 1, 1,  32, 32, 16,  32, 32, 16,   3)]",ok
2176,group,bf16,72,72,0,80,96,0.3160,84.4500,77.6200,fmha_fwd_d80_bf16_group_b128x128x16x96x32x80_r4x1x1_r4x1x1_w32x32x16_w32x32x16_o2_qr_async_vr_psskddv_nlogits_nbias_nmask_nlse_ndropout_nskip_nqscale_ntrload_nsink,b128x128x16x96x32x80_r4x1x1_r4x1x1_w32x32x16_w32x32x16_o2,"(80, 96) : [FmhaFwdTileSize(128, 128,  16,  96,  32,  80,  4, 1, 1,  4, 1, 1,  32, 32, 16,  32, 32, 16,   2)]",ok
2240,group,bf16,72,72,0,80,96,0.3290,85.8100,76.6200,fmha_fwd_d80_bf16_group_b128x64x16x96x32x80_r4x1x1_r4x1x1_w32x32x16_w32x32x16_o2_qr_async_vr_psskddv_nlogits_nbias_nmask_nlse_ndropout_nskip_nqscale_ntrload_nsink,b128x64x16x96x32x80_r4x1x1_r4x1x1_w32x32x16_w32x32x16_o2,"(80, 96) : [FmhaFwdTileSize(128,  64,  16,  96,  32,  80,  4, 1, 1,  4, 1, 1,  32, 32, 16,  32, 32, 16,   2)]",ok
2304,group,bf16,72,72,0,80,96,0.3340,89.4600,77.6600,fmha_fwd_d80_bf16_group_b128x128x16x96x32x80_r4x1x1_r4x1x1_w32x32x16_w32x32x16_o2_qr_async_vr_psskddv_nlogits_nbias_nmask_nlse_ndropout_nskip_nqscale_ntrload_nsink,b128x128x16x96x32x80_r4x1x1_r4x1x1_w32x32x16_w32x32x16_o2,"(80, 96) : [FmhaFwdTileSize(128, 128,  16,  96,  32,  80,  4, 1, 1,  4, 1, 1,  32, 32, 16,  32, 32, 16,   2)]",ok
2368,group,bf16,72,72,0,80,96,0.3480,90.6900,76.5900,fmha_fwd_d80_bf16_group_b128x64x16x96x32x80_r4x1x1_r4x1x1_w32x32x16_w32x32x16_o3_qr_async_vr_psskddv_nlogits_nbias_nmask_nlse_ndropout_nskip_nqscale_ntrload_nsink,b128x64x16x96x32x80_r4x1x1_r4x1x1_w32x32x16_w32x32x16_o3,"(80, 96) : [FmhaFwdTileSize(128,  64,  16,  96,  32,  80,  4, 1, 1,  4, 1, 1,  32, 32, 16,  32, 32, 16,   3)]",ok
2432,group,bf16,72,72,0,80,96,0.3530,94.2800,77.5300,fmha_fwd_d80_bf16_group_b128x128x16x96x32x80_r4x1x1_r4x1x1_w32x32x16_w32x32x16_o2_qr_async_vr_psskddv_nlogits_nbias_nmask_nlse_ndropout_nskip_nqscale_ntrload_nsink,b128x128x16x96x32x80_r4x1x1_r4x1x1_w32x32x16_w32x32x16_o2,"(80, 96) : [FmhaFwdTileSize(128, 128,  16,  96,  32,  80,  4, 1, 1,  4, 1, 1,  32, 32, 16,  32, 32, 16,   2)]",ok
2496,group,bf16,72,72,0,80,96,0.3670,95.5600,76.5700,fmha_fwd_d80_bf16_group_b128x64x16x96x32x80_r4x1x1_r4x1x1_w32x32x16_w32x32x16_o2_qr_async_vr_psskddv_nlogits_nbias_nmask_nlse_ndropout_nskip_nqscale_ntrload_nsink,b128x64x16x96x32x80_r4x1x1_r4x1x1_w32x32x16_w32x32x16_o2,"(80, 96) : [FmhaFwdTileSize(128,  64,  16,  96,  32,  80,  4, 1, 1,  4, 1, 1,  32, 32, 16,  32, 32, 16,   2)]",ok
2560,group,bf16,72,72,0,80,96,0.3720,99.1700,77.4800,fmha_fwd_d80_bf16_group_b128x128x16x96x32x80_r4x1x1_r4x1x1_w32x32x16_w32x32x16_o2_qr_async_vr_psskddv_nlogits_nbias_nmask_nlse_ndropout_nskip_nqscale_ntrload_nsink,b128x128x16x96x32x80_r4x1x1_r4x1x1_w32x32x16_w32x32x16_o2,"(80, 96) : [FmhaFwdTileSize(128, 128,  16,  96,  32,  80,  4, 1, 1,  4, 1, 1,  32, 32, 16,  32, 32, 16,   2)]",ok
2624,group,bf16,72,72,0,80,96,0.4520,85.7600,65.3600,fmha_fwd_d80_bf16_group_b128x64x16x96x32x80_r4x1x1_r4x1x1_w32x32x16_w32x32x16_o3_qr_async_vr_psskddv_nlogits_nbias_nmask_nlse_ndropout_nskip_nqscale_ntrload_nsink,b128x64x16x96x32x80_r4x1x1_r4x1x1_w32x32x16_w32x32x16_o3,"(80, 96) : [FmhaFwdTileSize(128,  64,  16,  96,  32,  80,  4, 1, 1,  4, 1, 1,  32, 32, 16,  32, 32, 16,   3)]",ok
2688,group,bf16,72,72,0,80,96,0.4630,87.8200,65.3400,fmha_fwd_d80_bf16_group_b128x64x16x96x32x80_r4x1x1_r4x1x1_w32x32x16_w32x32x16_o2_qr_async_vr_psskddv_nlogits_nbias_nmask_nlse_ndropout_nskip_nqscale_ntrload_nsink,b128x64x16x96x32x80_r4x1x1_r4x1x1_w32x32x16_w32x32x16_o2,"(80, 96) : [FmhaFwdTileSize(128,  64,  16,  96,  32,  80,  4, 1, 1,  4, 1, 1,  32, 32, 16,  32, 32, 16,   2)]",ok
2752,group,bf16,72,72,0,80,96,0.4740,89.9000,65.3400,fmha_fwd_d80_bf16_group_b128x64x16x96x32x80_r4x1x1_r4x1x1_w32x32x16_w32x32x16_o3_qr_async_vr_psskddv_nlogits_nbias_nmask_nlse_ndropout_nskip_nqscale_ntrload_nsink,b128x64x16x96x32x80_r4x1x1_r4x1x1_w32x32x16_w32x32x16_o3,"(80, 96) : [FmhaFwdTileSize(128,  64,  16,  96,  32,  80,  4, 1, 1,  4, 1, 1,  32, 32, 16,  32, 32, 16,   3)]",ok
2816,group,bf16,72,72,0,80,96,0.4860,91.9800,65.3300,fmha_fwd_d80_bf16_group_b128x64x16x96x32x80_r4x1x1_r4x1x1_w32x32x16_w32x32x16_o2_qr_async_vr_psskddv_nlogits_nbias_nmask_nlse_ndropout_nskip_nqscale_ntrload_nsink,b128x64x16x96x32x80_r4x1x1_r4x1x1_w32x32x16_w32x32x16_o2,"(80, 96) : [FmhaFwdTileSize(128,  64,  16,  96,  32,  80,  4, 1, 1,  4, 1, 1,  32, 32, 16,  32, 32, 16,   2)]",ok
2880,group,bf16,72,72,0,80,96,0.4970,93.9900,65.2700,fmha_fwd_d80_bf16_group_b128x64x16x96x32x80_r4x1x1_r4x1x1_w32x32x16_w32x32x16_o2_qr_async_vr_psskddv_nlogits_nbias_nmask_nlse_ndropout_nskip_nqscale_ntrload_nsink,b128x64x16x96x32x80_r4x1x1_r4x1x1_w32x32x16_w32x32x16_o2,"(80, 96) : [FmhaFwdTileSize(128,  64,  16,  96,  32,  80,  4, 1, 1,  4, 1, 1,  32, 32, 16,  32, 32, 16,   2)]",ok
2944,group,bf16,72,72,0,80,96,0.5080,96.1000,65.2800,fmha_fwd_d80_bf16_group_b128x64x16x96x32x80_r4x1x1_r4x1x1_w32x32x16_w32x32x16_o3_qr_async_vr_psskddv_nlogits_nbias_nmask_nlse_ndropout_nskip_nqscale_ntrload_nsink,b128x64x16x96x32x80_r4x1x1_r4x1x1_w32x32x16_w32x32x16_o3,"(80, 96) : [FmhaFwdTileSize(128,  64,  16,  96,  32,  80,  4, 1, 1,  4, 1, 1,  32, 32, 16,  32, 32, 16,   3)]",ok
3008,group,bf16,72,72,0,80,96,0.5190,98.1400,65.2500,fmha_fwd_d80_bf16_group_b128x64x16x96x32x80_r4x1x1_r4x1x1_w32x32x16_w32x32x16_o2_qr_async_vr_psskddv_nlogits_nbias_nmask_nlse_ndropout_nskip_nqscale_ntrload_nsink,b128x64x16x96x32x80_r4x1x1_r4x1x1_w32x32x16_w32x32x16_o2,"(80, 96) : [FmhaFwdTileSize(128,  64,  16,  96,  32,  80,  4, 1, 1,  4, 1, 1,  32, 32, 16,  32, 32, 16,   2)]",ok
3072,group,bf16,72,72,0,80,96,0.5300,100.2100,65.2400,fmha_fwd_d80_bf16_group_b128x64x16x96x32x80_r4x1x1_r4x1x1_w32x32x16_w32x32x16_o3_qr_async_vr_psskddv_nlogits_nbias_nmask_nlse_ndropout_nskip_nqscale_ntrload_nsink,b128x64x16x96x32x80_r4x1x1_r4x1x1_w32x32x16_w32x32x16_o3,"(80, 96) : [FmhaFwdTileSize(128,  64,  16,  96,  32,  80,  4, 1, 1,  4, 1, 1,  32, 32, 16,  32, 32, 16,   3)]",ok
3136,group,bf16,72,72,0,80,96,0.5420,102.1200,65.1300,fmha_fwd_d80_bf16_group_b128x64x16x96x32x80_r4x1x1_r4x1x1_w32x32x16_w32x32x16_o3_qr_async_vr_psskddv_nlogits_nbias_nmask_nlse_ndropout_nskip_nqscale_ntrload_nsink,b128x64x16x96x32x80_r4x1x1_r4x1x1_w32x32x16_w32x32x16_o3,"(80, 96) : [FmhaFwdTileSize(128,  64,  16,  96,  32,  80,  4, 1, 1,  4, 1, 1,  32, 32, 16,  32, 32, 16,   3)]",ok
3200,group,bf16,72,72,0,80,96,0.5540,104.1800,65.1100,fmha_fwd_d80_bf16_group_b128x64x16x96x32x80_r4x1x1_r4x1x1_w32x32x16_w32x32x16_o3_qr_async_vr_psskddv_nlogits_nbias_nmask_nlse_ndropout_nskip_nqscale_ntrload_nsink,b128x64x16x96x32x80_r4x1x1_r4x1x1_w32x32x16_w32x32x16_o3,"(80, 96) : [FmhaFwdTileSize(128,  64,  16,  96,  32,  80,  4, 1, 1,  4, 1, 1,  32, 32, 16,  32, 32, 16,   3)]",ok
3264,group,bf16,72,72,0,80,96,0.6570,91.3200,55.9600,fmha_fwd_d80_bf16_group_b128x64x16x96x32x80_r4x1x1_r4x1x1_w32x32x16_w32x32x16_o2_qr_async_vr_psskddv_nlogits_nbias_nmask_nlse_ndropout_nskip_nqscale_ntrload_nsink,b128x64x16x96x32x80_r4x1x1_r4x1x1_w32x32x16_w32x32x16_o2,"(80, 96) : [FmhaFwdTileSize(128,  64,  16,  96,  32,  80,  4, 1, 1,  4, 1, 1,  32, 32, 16,  32, 32, 16,   2)]",ok
3328,group,bf16,72,72,0,80,96,0.6700,93.1000,55.9500,fmha_fwd_d80_bf16_group_b128x64x16x96x32x80_r4x1x1_r4x1x1_w32x32x16_w32x32x16_o3_qr_async_vr_psskddv_nlogits_nbias_nmask_nlse_ndropout_nskip_nqscale_ntrload_nsink,b128x64x16x96x32x80_r4x1x1_r4x1x1_w32x32x16_w32x32x16_o3,"(80, 96) : [FmhaFwdTileSize(128,  64,  16,  96,  32,  80,  4, 1, 1,  4, 1, 1,  32, 32, 16,  32, 32, 16,   3)]",ok
3392,group,bf16,72,72,0,80,96,0.6830,94.8700,55.9400,fmha_fwd_d80_bf16_group_b128x64x16x96x32x80_r4x1x1_r4x1x1_w32x32x16_w32x32x16_o2_qr_async_vr_psskddv_nlogits_nbias_nmask_nlse_ndropout_nskip_nqscale_ntrload_nsink,b128x64x16x96x32x80_r4x1x1_r4x1x1_w32x32x16_w32x32x16_o2,"(80, 96) : [FmhaFwdTileSize(128,  64,  16,  96,  32,  80,  4, 1, 1,  4, 1, 1,  32, 32, 16,  32, 32, 16,   2)]",ok
3456,group,bf16,72,72,0,80,96,0.6960,96.6800,55.9500,fmha_fwd_d80_bf16_group_b128x64x16x96x32x80_r4x1x1_r4x1x1_w32x32x16_w32x32x16_o2_qr_async_vr_psskddv_nlogits_nbias_nmask_nlse_ndropout_nskip_nqscale_ntrload_nsink,b128x64x16x96x32x80_r4x1x1_r4x1x1_w32x32x16_w32x32x16_o2,"(80, 96) : [FmhaFwdTileSize(128,  64,  16,  96,  32,  80,  4, 1, 1,  4, 1, 1,  32, 32, 16,  32, 32, 16,   2)]",ok
3520,group,bf16,72,72,0,80,96,0.7090,98.4800,55.9600,fmha_fwd_d80_bf16_group_b128x64x16x96x32x80_r4x1x1_r4x1x1_w32x32x16_w32x32x16_o2_qr_async_vr_psskddv_nlogits_nbias_nmask_nlse_ndropout_nskip_nqscale_ntrload_nsink,b128x64x16x96x32x80_r4x1x1_r4x1x1_w32x32x16_w32x32x16_o2,"(80, 96) : [FmhaFwdTileSize(128,  64,  16,  96,  32,  80,  4, 1, 1,  4, 1, 1,  32, 32, 16,  32, 32, 16,   2)]",ok
3584,group,bf16,72,72,0,80,96,0.7210,100.3100,55.9800,fmha_fwd_d80_bf16_group_b128x64x16x96x32x80_r4x1x1_r4x1x1_w32x32x16_w32x32x16_o2_qr_async_vr_psskddv_nlogits_nbias_nmask_nlse_ndropout_nskip_nqscale_ntrload_nsink,b128x64x16x96x32x80_r4x1x1_r4x1x1_w32x32x16_w32x32x16_o2,"(80, 96) : [FmhaFwdTileSize(128,  64,  16,  96,  32,  80,  4, 1, 1,  4, 1, 1,  32, 32, 16,  32, 32, 16,   2)]",ok
3648,group,bf16,72,72,0,80,96,0.7350,101.9200,55.8700,fmha_fwd_d80_bf16_group_b128x64x16x96x32x80_r4x1x1_r4x1x1_w32x32x16_w32x32x16_o2_qr_async_vr_psskddv_nlogits_nbias_nmask_nlse_ndropout_nskip_nqscale_ntrload_nsink,b128x64x16x96x32x80_r4x1x1_r4x1x1_w32x32x16_w32x32x16_o2,"(80, 96) : [FmhaFwdTileSize(128,  64,  16,  96,  32,  80,  4, 1, 1,  4, 1, 1,  32, 32, 16,  32, 32, 16,   2)]",ok
3712,group,bf16,72,72,0,80,96,0.7480,103.7600,55.9100,fmha_fwd_d80_bf16_group_b128x64x16x96x32x80_r4x1x1_r4x1x1_w32x32x16_w32x32x16_o3_qr_async_vr_psskddv_nlogits_nbias_nmask_nlse_ndropout_nskip_nqscale_ntrload_nsink,b128x64x16x96x32x80_r4x1x1_r4x1x1_w32x32x16_w32x32x16_o3,"(80, 96) : [FmhaFwdTileSize(128,  64,  16,  96,  32,  80,  4, 1, 1,  4, 1, 1,  32, 32, 16,  32, 32, 16,   3)]",ok
3776,group,bf16,72,72,0,80,96,0.7630,105.2800,55.7600,fmha_fwd_d80_bf16_group_b128x64x16x96x32x80_r4x1x1_r4x1x1_w32x32x16_w32x32x16_o2_qr_async_vr_psskddv_nlogits_nbias_nmask_nlse_ndropout_nskip_nqscale_ntrload_nsink,b128x64x16x96x32x80_r4x1x1_r4x1x1_w32x32x16_w32x32x16_o2,"(80, 96) : [FmhaFwdTileSize(128,  64,  16,  96,  32,  80,  4, 1, 1,  4, 1, 1,  32, 32, 16,  32, 32, 16,   2)]",ok
3840,group,bf16,72,72,0,80,96,0.7750,107.1200,55.7900,fmha_fwd_d80_bf16_group_b128x64x16x96x32x80_r4x1x1_r4x1x1_w32x32x16_w32x32x16_o3_qr_async_vr_psskddv_nlogits_nbias_nmask_nlse_ndropout_nskip_nqscale_ntrload_nsink,b128x64x16x96x32x80_r4x1x1_r4x1x1_w32x32x16_w32x32x16_o3,"(80, 96) : [FmhaFwdTileSize(128,  64,  16,  96,  32,  80,  4, 1, 1,  4, 1, 1,  32, 32, 16,  32, 32, 16,   3)]",ok
3904,group,bf16,72,72,0,80,96,0.9260,92.6800,47.4800,fmha_fwd_d80_bf16_group_b128x64x16x96x32x80_r4x1x1_r4x1x1_w32x32x16_w32x32x16_o2_qr_async_vr_psskddv_nlogits_nbias_nmask_nlse_ndropout_nskip_nqscale_ntrload_nsink,b128x64x16x96x32x80_r4x1x1_r4x1x1_w32x32x16_w32x32x16_o2,"(80, 96) : [FmhaFwdTileSize(128,  64,  16,  96,  32,  80,  4, 1, 1,  4, 1, 1,  32, 32, 16,  32, 32, 16,   2)]",ok
3968,group,bf16,72,72,0,80,96,0.9420,94.1600,47.4600,fmha_fwd_d80_bf16_group_b128x64x16x96x32x80_r4x1x1_r4x1x1_w32x32x16_w32x32x16_o3_qr_async_vr_psskddv_nlogits_nbias_nmask_nlse_ndropout_nskip_nqscale_ntrload_nsink,b128x64x16x96x32x80_r4x1x1_r4x1x1_w32x32x16_w32x32x16_o3,"(80, 96) : [FmhaFwdTileSize(128,  64,  16,  96,  32,  80,  4, 1, 1,  4, 1, 1,  32, 32, 16,  32, 32, 16,   3)]",ok
4032,group,bf16,72,72,0,80,96,0.9570,95.7000,47.4700,fmha_fwd_d80_bf16_group_b128x64x16x96x32x80_r4x1x1_r4x1x1_w32x32x16_w32x32x16_o3_qr_async_vr_psskddv_nlogits_nbias_nmask_nlse_ndropout_nskip_nqscale_ntrload_nsink,b128x64x16x96x32x80_r4x1x1_r4x1x1_w32x32x16_w32x32x16_o3,"(80, 96) : [FmhaFwdTileSize(128,  64,  16,  96,  32,  80,  4, 1, 1,  4, 1, 1,  32, 32, 16,  32, 32, 16,   3)]",ok
4096,group,bf16,72,72,0,80,96,0.9710,97.2800,47.5000,fmha_fwd_d80_bf16_group_b128x64x16x96x32x80_r4x1x1_r4x1x1_w32x32x16_w32x32x16_o2_qr_async_vr_psskddv_nlogits_nbias_nmask_nlse_ndropout_nskip_nqscale_ntrload_nsink,b128x64x16x96x32x80_r4x1x1_r4x1x1_w32x32x16_w32x32x16_o2,"(80, 96) : [FmhaFwdTileSize(128,  64,  16,  96,  32,  80,  4, 1, 1,  4, 1, 1,  32, 32, 16,  32, 32, 16,   2)]",ok
4160,group,bf16,72,72,0,80,96,0.9870,98.7600,47.4800,fmha_fwd_d80_bf16_group_b128x64x16x96x32x80_r4x1x1_r4x1x1_w32x32x16_w32x32x16_o3_qr_async_vr_psskddv_nlogits_nbias_nmask_nlse_ndropout_nskip_nqscale_ntrload_nsink,b128x64x16x96x32x80_r4x1x1_r4x1x1_w32x32x16_w32x32x16_o3,"(80, 96) : [FmhaFwdTileSize(128,  64,  16,  96,  32,  80,  4, 1, 1,  4, 1, 1,  32, 32, 16,  32, 32, 16,   3)]",ok
4224,group,bf16,72,72,0,80,96,1.0030,100.2300,47.4600,fmha_fwd_d80_bf16_group_b128x64x16x96x32x80_r4x1x1_r4x1x1_w32x32x16_w32x32x16_o2_qr_async_vr_psskddv_nlogits_nbias_nmask_nlse_ndropout_nskip_nqscale_ntrload_nsink,b128x64x16x96x32x80_r4x1x1_r4x1x1_w32x32x16_w32x32x16_o2,"(80, 96) : [FmhaFwdTileSize(128,  64,  16,  96,  32,  80,  4, 1, 1,  4, 1, 1,  32, 32, 16,  32, 32, 16,   2)]",ok
